Module,Epic,Screen/Component,Task Type,Task Description,Estimated Hours,Priority,Dependencies,Status
Design System,Foundation,Color System,Development,Implement complete color palette with primary/secondary/semantic colors,8,Critical,,Not Started
Design System,Foundation,Typography System,Development,Implement typography with all font sizes/weights/line heights,6,Critical,,Not Started
Design System,Foundation,Spacing System,Development,Implement 4px base spacing system with all scales,4,Critical,,Not Started
Design System,Foundation,Component Library,Development,Build 50+ reusable UI components,120,Critical,,Not Started
Design System,Foundation,Responsive Breakpoints,Development,Setup responsive breakpoints and grid system,8,Critical,,Not Started
Design System,Foundation,Icons Library,Development,Integrate icon library with 200+ icons,6,Critical,,Not Started
Design System,Foundation,Dark Mode,Development,Implement dark mode theme toggle,16,High,,Not Started
Design System,Foundation,Animation System,Development,Create animation specifications and utilities,12,Medium,,Not Started
Authentication,Core Security,Login Screen,Development,Build login screen with email/password validation,16,Critical,Design System,Not Started
Authentication,Core Security,Registration Screen,Development,Build registration/signup form with validations,20,Critical,Design System,Not Started
Authentication,Core Security,Password Reset Flow,Development,Implement forgot password + reset flow,16,Critical,Design System,Not Started
Authentication,Core Security,Email Verification,Development,Build email verification system with token,12,Critical,Design System,Not Started
Authentication,Core Security,Two-Factor Authentication,Development,Implement 2FA with QR code and backup codes,24,High,Design System,Not Started
Authentication,Core Security,SSO Integration,Development,Integrate Microsoft 365 and Google SSO,32,High,Design System,Not Started
Authentication,Core Security,Session Management,Development,Build session management with JWT tokens,16,Critical,Design System,Not Started
Authentication,Core Security,Token Refresh,Development,Implement automatic token refresh mechanism,8,Critical,Session Management,Not Started
Authentication,Testing,Unit Tests,Testing,Write unit tests for all auth flows,16,High,Authentication Core,Not Started
Authentication,Testing,Security Tests,Testing,Perform security testing for auth vulnerabilities,12,High,Authentication Core,Not Started
Navigation,Layout,Top Navigation Bar,Development,Build top nav with logo/menus/search/profile,20,Critical,Design System,Not Started
Navigation,Layout,Sidebar Navigation,Development,Build sidebar with collapsible menu items,24,Critical,Design System,Not Started
Navigation,Layout,Breadcrumbs,Development,Implement breadcrumb navigation component,8,Medium,Design System,Not Started
Navigation,Layout,User Profile Dropdown,Development,Build profile dropdown with quick actions,12,High,Design System,Not Started
Navigation,Layout,Notification Dropdown,Development,Build notification center dropdown,16,High,Design System,Not Started
Navigation,Layout,Global Search,Development,Implement global search with autocomplete,20,High,Design System,Not Started
Navigation,Layout,Mobile Navigation,Development,Build mobile hamburger menu and responsive nav,16,High,Top Navigation,Not Started
Navigation,Layout,Footer Component,Development,Build footer with links and info,8,Low,Design System,Not Started
User Management,CRUD Operations,User List Screen,Development,Build user list with table/filters/search/pagination,24,Critical,Design System,Not Started
User Management,CRUD Operations,Create User Form,Development,Build create user form with 15 fields and validations,20,Critical,User List,Not Started
User Management,CRUD Operations,Edit User Form,Development,Build edit user form with pre-population,16,High,Create User,Not Started
User Management,CRUD Operations,User Detail Screen,Development,Build user detail screen with tabs,20,High,User List,Not Started
User Management,CRUD Operations,Delete User,Development,Implement user deletion with confirmation,8,Medium,User List,Not Started
User Management,Roles & Permissions,User Roles Screen,Development,Build role management screen with CRUD,20,High,User List,Not Started
User Management,Roles & Permissions,Permission Matrix,Development,Build permission matrix UI with checkboxes,24,High,User Roles,Not Started
User Management,Roles & Permissions,Role Assignment,Development,Implement role assignment to users,12,High,User Roles,Not Started
User Management,Bulk Operations,Bulk User Import,Development,Build CSV import with field mapping and validation,32,High,User List,Not Started
User Management,Bulk Operations,Bulk Actions,Development,Implement bulk activate/deactivate/export,16,Medium,User List,Not Started
User Management,Directory,User Directory Screen,Development,Build user directory with grid/list view,20,Medium,User List,Not Started
User Management,Profile,User Profile Screen,Development,Build self-service profile edit screen,16,High,Design System,Not Started
User Management,Profile,Change Password,Development,Implement change password functionality,12,High,User Profile,Not Started
User Management,Session,Session Management,Development,Build active sessions screen with revoke,16,High,User List,Not Started
User Management,Settings,User Settings,Development,Build user settings screen with policies,16,Medium,User List,Not Started
User Management,API,User APIs,Backend,Build all user CRUD APIs with authentication,40,Critical,,Not Started
User Management,Database,User Schema,Backend,Design and implement user database schema,16,Critical,,Not Started
User Management,Testing,User Module Tests,Testing,Write comprehensive tests for user module,24,High,User CRUD,Not Started
Visitor Management,Dashboard,Visitor Dashboard,Development,Build visitor dashboard with widgets and stats,24,High,Design System,Not Started
Visitor Management,Visitor Operations,Visitor List Screen,Development,Build visitor list with 15 columns and filters,28,Critical,Design System,Not Started
Visitor Management,Visitor Operations,Pre-Registration Form,Development,Build 4-section pre-registration form with validation,40,Critical,Visitor List,Not Started
Visitor Management,Check-In,Check-In Screen,Development,Build check-in screen with QR scanner,32,Critical,Visitor List,Not Started
Visitor Management,Check-In,QR Code Scanner,Development,Implement camera access and QR code scanning,24,Critical,Check-In Screen,Not Started
Visitor Management,Check-In,Photo Capture,Development,Implement photo capture for visitors,16,High,Check-In Screen,Not Started
Visitor Management,Check-In,NDA Signature Pad,Development,Build digital signature pad for NDA,20,High,Check-In Screen,Not Started
Visitor Management,Check-Out,Check-Out Screen,Development,Build check-out screen with duration calc,20,High,Visitor List,Not Started
Visitor Management,Badge,Badge Printing Screen,Development,Build badge printing interface,28,High,Visitor List,Not Started
Visitor Management,Badge,Badge Template Designer,Development,Build drag-drop badge designer,40,High,Badge Printing,Not Started
Visitor Management,Detail,Visitor Detail Screen,Development,Build visitor detail screen with history,24,High,Visitor List,Not Started
Visitor Management,Reports,Visitor Reports,Development,Build visitor reports with multiple types,32,Medium,Visitor List,Not Started
Visitor Management,Analytics,Visitor Analytics,Development,Build analytics dashboard with charts,28,Medium,Visitor List,Not Started
Visitor Management,Settings,Visitor Settings,Development,Build visitor settings screen,20,Medium,Design System,Not Started
Visitor Management,Blacklist,Blacklist Management,Development,Build blacklist management screen,16,High,Visitor List,Not Started
Visitor Management,NDA,NDA Management,Development,Build NDA template management,24,Medium,Visitor List,Not Started
Visitor Management,Calendar,Calendar View,Development,Build calendar view for visitors,24,Medium,Visitor List,Not Started
Visitor Management,Recurring,Recurring Visitors,Development,Build recurring visitor management,20,Low,Visitor List,Not Started
Visitor Management,Notifications,Notification History,Development,Build notification history screen,12,Low,Visitor List,Not Started
Visitor Management,API,Visitor APIs,Backend,Build all visitor CRUD and check-in/out APIs,48,Critical,,Not Started
Visitor Management,Database,Visitor Schema,Backend,Design visitor database schema with relationships,20,Critical,,Not Started
Visitor Management,Integration,Email Service,Backend,Integrate email service for notifications,16,High,,Not Started
Visitor Management,Integration,SMS Service,Backend,Integrate SMS service (Twilio),16,Medium,,Not Started
Visitor Management,Testing,Visitor Tests,Testing,Write comprehensive tests for visitor module,32,High,Visitor CRUD,Not Started
Parking,Dashboard,Parking Dashboard,Development,Build parking dashboard with occupancy stats,20,High,Design System,Not Started
Parking,Space Management,Parking Space List,Development,Build parking space list with filters,24,High,Design System,Not Started
Parking,Space Management,Create/Edit Space,Development,Build space creation/editing form,20,High,Space List,Not Started
Parking,Space Management,Zone Configuration,Development,Build zone management interface,16,Medium,Space List,Not Started
Parking,Reservations,Reservation Interface,Development,Build parking reservation calendar,32,High,Space List,Not Started
Parking,Reservations,My Reservations,Development,Build user reservation management screen,20,High,Reservation Interface,Not Started
Parking,Reservations,Recurring Reservations,Development,Implement recurring reservation patterns,16,Medium,Reservation Interface,Not Started
Parking,Vehicle,Vehicle Registration,Development,Build vehicle registration screen,20,High,Design System,Not Started
Parking,LPR,LPR Settings,Development,Build License Plate Recognition settings,24,High,Space List,Not Started
Parking,Access Control,Barrier Gate Control,Development,Build barrier gate control interface,20,High,Space List,Not Started
Parking,Visualization,Occupancy Map,Development,Build visual floor plan for parking,32,High,Space List,Not Started
Parking,Analytics,Parking Analytics,Development,Build parking analytics dashboard,24,Medium,Space List,Not Started
Parking,Violations,Parking Violations,Development,Build violation tracking screen,16,Medium,Space List,Not Started
Parking,Settings,Parking Settings,Development,Build parking module settings,12,Medium,Design System,Not Started
Parking,API,Parking APIs,Backend,Build parking CRUD and reservation APIs,40,Critical,,Not Started
Parking,Database,Parking Schema,Backend,Design parking database schema,16,Critical,,Not Started
Parking,Integration,LPR Integration,Backend,Integrate with LPR hardware/software,40,High,,Not Started
Parking,Testing,Parking Tests,Testing,Write tests for parking module,24,High,Parking CRUD,Not Started
Space Management,Dashboard,Space Dashboard,Development,Build space/meeting room dashboard,20,High,Design System,Not Started
Space Management,Room Management,Meeting Room List,Development,Build meeting room list with filters,24,High,Design System,Not Started
Space Management,Room Management,Create/Edit Space,Development,Build space creation/editing form,24,High,Room List,Not Started
Space Management,Booking,Booking Calendar,Development,Build calendar with day/week/month views,40,Critical,Room List,Not Started
Space Management,Booking,Drag-Drop Booking,Development,Implement drag-drop booking on calendar,24,High,Booking Calendar,Not Started
Space Management,Booking,Conflict Detection,Development,Implement booking conflict detection,16,Critical,Booking Calendar,Not Started
Space Management,Display,Room Display Panel,Development,Build room display panel interface,24,High,Room List,Not Started
Space Management,Kiosk,Check-In Kiosk,Development,Build check-in kiosk interface,28,High,Room List,Not Started
Space Management,Hot Desk,Hot Desking Interface,Development,Build hot desking interface,28,Medium,Room List,Not Started
Space Management,Map,Desk Map,Development,Build interactive floor plan for desks,32,Medium,Room List,Not Started
Space Management,Booking,My Bookings,Development,Build user bookings management screen,20,High,Booking Calendar,Not Started
Space Management,Analytics,Utilization Analytics,Development,Build space utilization analytics,24,Medium,Room List,Not Started
Space Management,Recurring,Recurring Bookings,Development,Build recurring booking management,20,Medium,Booking Calendar,Not Started
Space Management,Policies,Space Policies,Development,Build space policies settings,16,Medium,Room List,Not Started
Space Management,Integration,Calendar Integration,Development,Integrate with Outlook and Google Calendar,40,High,Booking Calendar,Not Started
Space Management,Config,Room Display Config,Development,Build room display configuration,16,Medium,Room Display,Not Started
Space Management,Settings,Space Settings,Development,Build space module settings,12,Medium,Design System,Not Started
Space Management,API,Space APIs,Backend,Build space and booking CRUD APIs,40,Critical,,Not Started
Space Management,Database,Space Schema,Backend,Design space and booking database schema,20,Critical,,Not Started
Space Management,Integration,Calendar Sync,Backend,Build calendar sync service,32,High,,Not Started
Space Management,Testing,Space Tests,Testing,Write tests for space management module,28,High,Space CRUD,Not Started
Digital Badges,Dashboard,Badge Dashboard,Development,Build digital badge dashboard,16,High,Design System,Not Started
Digital Badges,Templates,Badge Templates,Development,Build badge template list screen,20,High,Design System,Not Started
Digital Badges,Designer,Badge Designer,Development,Build drag-drop badge designer,40,High,Badge Templates,Not Started
Digital Badges,Issuance,Issue Badge Form,Development,Build badge issuance form,24,High,Badge Templates,Not Started
Digital Badges,Management,Badge List,Development,Build badge list with filters,20,High,Design System,Not Started
Digital Badges,Detail,Badge Detail View,Development,Build badge detail screen,16,Medium,Badge List,Not Started
Digital Badges,Mobile,Mobile Badge Display,Development,Build mobile badge full-screen display,24,High,Badge List,Not Started
Digital Badges,Permissions,Access Permissions Matrix,Development,Build access permissions configuration,24,High,Badge List,Not Started
Digital Badges,Lifecycle,Badge Lifecycle,Development,Build suspend/revoke/renew functionality,20,High,Badge List,Not Started
Digital Badges,Analytics,Badge Analytics,Development,Build badge analytics dashboard,20,Medium,Badge List,Not Started
Digital Badges,API,Badge APIs,Backend,Build badge CRUD and lifecycle APIs,32,Critical,,Not Started
Digital Badges,Database,Badge Schema,Backend,Design badge database schema,16,Critical,,Not Started
Digital Badges,Integration,QR Generation,Backend,Implement QR code generation service,12,High,,Not Started
Digital Badges,Integration,Access Control,Backend,Integrate with access control systems,32,High,,Not Started
Digital Badges,Testing,Badge Tests,Testing,Write tests for badge module,20,High,Badge CRUD,Not Started
Lockers,Dashboard,Locker Dashboard,Development,Build locker dashboard with stats,16,High,Design System,Not Started
Lockers,Setup,Locker Bank Setup,Development,Build locker bank configuration,24,High,Design System,Not Started
Lockers,Configuration,Individual Locker Config,Development,Build individual locker configuration,20,High,Locker Bank,Not Started
Lockers,Assignment,Assignment Interface,Development,Build locker assignment interface,24,High,Locker Config,Not Started
Lockers,Reservations,Locker Reservation,Development,Build locker reservation system,24,Medium,Locker Config,Not Started
Lockers,Access,Access Control,Development,Build locker access control screen,20,High,Locker Config,Not Started
Lockers,Maintenance,Maintenance Tracking,Development,Build maintenance tracking screen,16,Medium,Locker Config,Not Started
Lockers,Reports,Utilization Reports,Development,Build locker utilization reports,16,Medium,Locker Config,Not Started
Lockers,Settings,Locker Settings,Development,Build locker module settings,12,Medium,Design System,Not Started
Lockers,API,Locker APIs,Backend,Build locker CRUD and assignment APIs,28,Critical,,Not Started
Lockers,Database,Locker Schema,Backend,Design locker database schema,12,Critical,,Not Started
Lockers,Integration,Smart Lock Integration,Backend,Integrate with smart lock systems,32,High,,Not Started
Lockers,Testing,Locker Tests,Testing,Write tests for locker module,16,High,Locker CRUD,Not Started
Tenant Management,Dashboard,Tenant Dashboard,Development,Build global admin tenant dashboard,20,High,Design System,Not Started
Tenant Management,Management,Tenant List,Development,Build tenant list with filters,24,High,Design System,Not Started
Tenant Management,Creation,Create Tenant Form,Development,Build tenant creation form,24,Critical,Tenant List,Not Started
Tenant Management,Onboarding,Onboarding Wizard,Development,Build 7-step onboarding wizard,48,Critical,Create Tenant,Not Started
Tenant Management,Settings,Tenant Settings,Development,Build tenant settings screen,24,High,Tenant List,Not Started
Tenant Management,Subscription,Subscription Management,Development,Build subscription management interface,28,High,Tenant List,Not Started
Tenant Management,Billing,Usage & Billing,Development,Build usage tracking and billing screen,32,High,Subscription,Not Started
Tenant Management,Monitoring,Tenant Monitoring,Development,Build tenant monitoring dashboard,24,Medium,Tenant List,Not Started
Tenant Management,Features,Feature Flags,Development,Build feature flag management,20,High,Tenant List,Not Started
Tenant Management,Branding,Tenant Branding,Development,Build tenant branding configuration,24,Medium,Tenant Settings,Not Started
Tenant Management,Lifecycle,Suspension/Deletion,Development,Build tenant suspension and deletion,20,High,Tenant List,Not Started
Tenant Management,Architecture,Multi-Tenancy Setup,Backend,Implement multi-tenancy architecture,80,Critical,,Not Started
Tenant Management,API,Tenant APIs,Backend,Build tenant CRUD and management APIs,40,Critical,,Not Started
Tenant Management,Database,Tenant Schema,Backend,Design tenant isolation database schema,24,Critical,,Not Started
Tenant Management,Integration,Billing Integration,Backend,Integrate with billing/payment provider,40,High,,Not Started
Tenant Management,Testing,Tenant Tests,Testing,Write tests for tenant module,28,High,Tenant CRUD,Not Started
Building Management,List,Building List,Development,Build building list screen,20,High,Design System,Not Started
Building Management,CRUD,Create/Edit Building,Development,Build building creation/editing form,24,High,Building List,Not Started
Building Management,Floor,Floor Management,Development,Build floor management interface,24,High,Building List,Not Started
Building Management,Zones,Zone Configuration,Development,Build zone configuration screen,20,Medium,Floor Management,Not Started
Building Management,Access,Access Points Setup,Development,Build access points management,24,High,Building List,Not Started
Building Management,Floor Plan,Floor Plan Upload,Development,Build floor plan upload and mapping,32,High,Floor Management,Not Started
Building Management,Services,Facility Services Catalog,Development,Build facility services management,20,Medium,Building List,Not Started
Building Management,Requests,Service Requests,Development,Build service request tracking,24,Medium,Building List,Not Started
Building Management,Occupancy,Occupancy Dashboard,Development,Build building occupancy dashboard,24,Medium,Building List,Not Started
Building Management,Settings,Building Settings,Development,Build building module settings,12,Medium,Design System,Not Started
Building Management,API,Building APIs,Backend,Build building and floor CRUD APIs,32,Critical,,Not Started
Building Management,Database,Building Schema,Backend,Design building database schema,16,Critical,,Not Started
Building Management,Testing,Building Tests,Testing,Write tests for building module,20,High,Building CRUD,Not Started
Reporting,Dashboard,Executive Dashboard,Development,Build customizable executive dashboard,32,High,Design System,Not Started
Reporting,Builder,Custom Report Builder,Development,Build custom report builder interface,48,High,Design System,Not Started
Reporting,Library,Saved Reports Library,Development,Build saved reports management,24,High,Report Builder,Not Started
Reporting,Scheduling,Scheduled Reports,Development,Build scheduled report configuration,28,High,Report Builder,Not Started
Reporting,Module Reports,Module-Specific Reports,Development,Build reports for each module,40,Medium,Report Builder,Not Started
Reporting,Visualization,Data Visualization Studio,Development,Build data visualization tools,40,High,Report Builder,Not Started
Reporting,Export,Export Center,Development,Build export functionality (PDF/Excel/CSV),24,High,Report Builder,Not Started
Reporting,Templates,Report Templates,Development,Build report template library,20,Medium,Report Builder,Not Started
Reporting,Settings,Analytics Settings,Development,Build analytics configuration screen,16,Medium,Design System,Not Started
Reporting,KPI,KPI Configuration,Development,Build KPI management interface,24,Medium,Executive Dashboard,Not Started
Reporting,Benchmarking,Benchmarking,Development,Build benchmarking functionality,20,Low,Report Builder,Not Started
Reporting,Predictive,Predictive Analytics,Development,Build predictive analytics features,32,Low,Report Builder,Not Started
Reporting,API,Reporting APIs,Backend,Build report generation and scheduling APIs,40,High,,Not Started
Reporting,Database,Reporting Schema,Backend,Design reporting data warehouse schema,24,High,,Not Started
Reporting,Charts,Chart Library Integration,Development,Integrate Recharts library,16,High,Data Visualization,Not Started
Reporting,Testing,Reporting Tests,Testing,Write tests for reporting module,24,High,Report Builder,Not Started
Notifications,Center,Notification Center,Development,Build in-app notification center,24,High,Design System,Not Started
Notifications,Preferences,Notification Preferences,Development,Build notification preferences screen,20,High,Design System,Not Started
Notifications,Email,Email Template Editor,Development,Build email template editor with variables,32,High,Design System,Not Started
Notifications,SMS,SMS Template Editor,Development,Build SMS template editor,20,Medium,Design System,Not Started
Notifications,Push,Push Notification Setup,Development,Build push notification configuration,24,High,Design System,Not Started
Notifications,Rules,Notification Rules Engine,Development,Build if-then rules engine,32,Medium,Design System,Not Started
Notifications,History,Notification History,Development,Build notification history screen,16,Medium,Notification Center,Not Started
Notifications,Analytics,Delivery Analytics,Development,Build notification delivery analytics,20,Medium,Notification Center,Not Started
Notifications,API,Notification APIs,Backend,Build notification CRUD and send APIs,32,Critical,,Not Started
Notifications,Integration,Email Service,Backend,Integrate email service (SendGrid/SES),20,Critical,,Not Started
Notifications,Integration,SMS Service,Backend,Integrate SMS service (Twilio),20,High,,Not Started
Notifications,Integration,Push Service,Backend,Integrate push notification service (FCM),24,High,,Not Started
Notifications,Database,Notification Schema,Backend,Design notification database schema,12,Critical,,Not Started
Notifications,Testing,Notification Tests,Testing,Write tests for notification module,20,High,Notification CRUD,Not Started
Integration,Dashboard,Integration Dashboard,Development,Build integration dashboard,20,High,Design System,Not Started
Integration,Documentation,API Documentation Portal,Development,Build interactive API documentation,40,High,Design System,Not Started
Integration,Keys,API Key Management,Development,Build API key management screen,24,High,Design System,Not Started
Integration,Webhooks,Webhook Configuration,Development,Build webhook configuration interface,28,High,Design System,Not Started
Integration,Marketplace,Integration Marketplace,Development,Build integration marketplace,32,Medium,Design System,Not Started
Integration,Microsoft,Microsoft 365 Setup,Development,Build Microsoft 365 integration setup,32,High,Design System,Not Started
Integration,Google,Google Workspace Setup,Development,Build Google Workspace integration setup,32,High,Design System,Not Started
Integration,Import,Data Import Wizard,Development,Build data import wizard,32,High,Design System,Not Started
Integration,Export,Data Export Center,Development,Build data export center,24,High,Design System,Not Started
Integration,Analytics,API Usage Analytics,Development,Build API usage analytics dashboard,24,Medium,Integration Dashboard,Not Started
Integration,API,Integration APIs,Backend,Build integration management APIs,40,Critical,,Not Started
Integration,Documentation,OpenAPI Specs,Backend,Create OpenAPI/Swagger specifications,32,High,,Not Started
Integration,Webhooks,Webhook Service,Backend,Build webhook delivery service,32,High,,Not Started
Integration,OAuth,OAuth Integration,Backend,Implement OAuth flows for integrations,32,High,,Not Started
Integration,Testing,Integration Tests,Testing,Write tests for integration module,24,High,Integration CRUD,Not Started
Security,Dashboard,Security Dashboard,Development,Build security monitoring dashboard,24,High,Design System,Not Started
Security,Audit,Audit Log Viewer,Development,Build audit log viewer with filters,28,High,Design System,Not Started
Security,GDPR,Data Privacy Center,Development,Build GDPR compliance tools,32,High,Design System,Not Started
Security,Controls,Security Controls,Development,Build security controls configuration,24,High,Design System,Not Started
Security,Compliance,Compliance Reports,Development,Build compliance reporting (SOC 2/ISO/GDPR),28,High,Security Dashboard,Not Started
Security,Backup,Backup Management,Development,Build backup management interface,20,Medium,Design System,Not Started
Security,IP,IP Whitelisting,Development,Build IP whitelisting management,16,Medium,Design System,Not Started
Security,Session,Session Management,Development,Build session management with force logout,20,High,Design System,Not Started
Security,Settings,Security Settings,Development,Build security settings screen,16,Medium,Design System,Not Started
Security,API,Security APIs,Backend,Build audit log and security APIs,32,Critical,,Not Started
Security,Audit,Audit Logging Service,Backend,Implement comprehensive audit logging,40,Critical,,Not Started
Security,GDPR,GDPR Tools,Backend,Build GDPR data export/erasure tools,32,High,,Not Started
Security,Backup,Backup Automation,Backend,Implement automated backup system,32,High,,Not Started
Security,Monitoring,Security Monitoring,Backend,Implement security event monitoring,28,High,,Not Started
Security,Testing,Security Tests,Testing,Perform security testing (OWASP Top 10),32,Critical,Security CRUD,Not Started
Mobile App,Core,Splash Screen,Development,Build mobile splash screen with animation,8,High,Design System,Not Started
Mobile App,Auth,Mobile Login,Development,Build mobile login with biometric auth,24,High,Authentication,Not Started
Mobile App,Dashboard,Mobile Dashboard,Development,Build mobile dashboard with widgets,28,High,Design System,Not Started
Mobile App,QR,QR Scanner,Development,Build QR code scanner for mobile,24,Critical,Design System,Not Started
Mobile App,Badge,Digital Badge Display,Development,Build full-screen digital badge display,20,Critical,Digital Badges,Not Started
Mobile App,Visitor,Mobile Check-In,Development,Build mobile visitor check-in flow,32,High,Visitor Management,Not Started
Mobile App,Space,Mobile Space Booking,Development,Build mobile space booking interface,28,High,Space Management,Not Started
Mobile App,Booking,My Bookings Mobile,Development,Build mobile bookings management,20,High,Space Booking,Not Started
Mobile App,Notifications,Mobile Notifications,Development,Build mobile notification handling,24,High,Notifications,Not Started
Mobile App,Profile,Mobile Profile,Development,Build mobile profile screen,16,Medium,User Management,Not Started
Mobile App,Parking,Mobile Parking,Development,Build mobile parking reservations,24,Medium,Parking,Not Started
Mobile App,Directory,Mobile Directory,Development,Build mobile user directory,20,Medium,User Management,Not Started
Mobile App,Maps,Mobile Floor Plans,Development,Build mobile floor plan viewer,24,Medium,Building Management,Not Started
Mobile App,Check-Out,Mobile Check-Out,Development,Build mobile check-out flow,16,Medium,Visitor Management,Not Started
Mobile App,Settings,Mobile Settings,Development,Build mobile app settings,16,Medium,Design System,Not Started
Mobile App,Offline,Offline Mode,Development,Implement offline data sync with SQLite,40,High,Design System,Not Started
Mobile App,Camera,Camera Access,Development,Implement camera access for photos,16,High,QR Scanner,Not Started
Mobile App,Biometric,Biometric Setup,Development,Implement Face ID/Touch ID,20,High,Mobile Login,Not Started
Mobile App,Support,Help & Support,Development,Build help and support screen,12,Low,Design System,Not Started
Mobile App,Setup,React Native Setup,Development,Setup React Native project structure,16,Critical,,Not Started
Mobile App,Push,Push Notifications,Backend,Implement FCM/APNS push notifications,32,High,,Not Started
Mobile App,Sync,Background Sync,Backend,Implement background data sync,24,High,Offline Mode,Not Started
Mobile App,Deep Link,Deep Linking,Development,Implement deep linking support,16,Medium,React Native Setup,Not Started
Mobile App,Store,App Store Deployment,DevOps,Deploy to iOS App Store,16,High,Mobile Complete,Not Started
Mobile App,Store,Google Play Deployment,DevOps,Deploy to Google Play Store,16,High,Mobile Complete,Not Started
Mobile App,Testing,Mobile Tests,Testing,Write tests for mobile app,32,High,Mobile Core,Not Started
Testing,Unit,Unit Test Setup,Testing,Setup Jest and React Testing Library,8,Critical,Design System,Not Started
Testing,Unit,Component Tests,Testing,Write unit tests for all components,80,Critical,Components Complete,Not Started
Testing,Unit,Hook Tests,Testing,Write tests for custom hooks,24,High,Components Complete,Not Started
Testing,Unit,Utility Tests,Testing,Write tests for utility functions,16,High,Components Complete,Not Started
Testing,Integration,Integration Test Setup,Testing,Setup integration testing environment,12,Critical,Unit Tests,Not Started
Testing,Integration,API Tests,Testing,Write integration tests for all APIs,60,Critical,APIs Complete,Not Started
Testing,Integration,Database Tests,Testing,Write database operation tests,32,High,APIs Complete,Not Started
Testing,E2E,E2E Test Setup,Testing,Setup Playwright/Cypress for E2E tests,16,High,Integration Tests,Not Started
Testing,E2E,Critical Flow Tests,Testing,Write E2E tests for critical user flows,48,High,E2E Setup,Not Started
Testing,E2E,Module E2E Tests,Testing,Write E2E tests for each module,64,High,Critical Flows,Not Started
Testing,Accessibility,A11y Test Setup,Testing,Setup axe-core and Pa11y for a11y testing,8,High,E2E Setup,Not Started
Testing,Accessibility,A11y Tests,Testing,Run accessibility tests on all screens,40,High,A11y Setup,Not Started
Testing,Accessibility,Keyboard Navigation,Testing,Test keyboard navigation compliance,24,High,A11y Tests,Not Started
Testing,Performance,Performance Test Setup,Testing,Setup Lighthouse and performance monitoring,12,High,E2E Setup,Not Started
Testing,Performance,Load Tests,Testing,Perform load testing with JMeter,32,High,Performance Setup,Not Started
Testing,Performance,Bundle Optimization,Testing,Optimize bundle size and performance,24,Medium,Performance Tests,Not Started
Testing,Security,Security Test Setup,Testing,Setup security testing tools,12,Critical,Integration Tests,Not Started
Testing,Security,OWASP Tests,Testing,Perform OWASP Top 10 vulnerability tests,40,Critical,Security Setup,Not Started
Testing,Security,Penetration Testing,Testing,Conduct penetration testing,32,Critical,OWASP Tests,Not Started
Testing,CI/CD,CI/CD Pipeline Setup,DevOps,Setup CI/CD pipeline with automated tests,24,Critical,Unit Tests,Not Started
Testing,CI/CD,Test Coverage Reports,DevOps,Setup coverage reporting and enforcement,8,High,CI/CD Pipeline,Not Started
Testing,Data,Test Data Fixtures,Development,Create test data factories and fixtures,24,High,Testing Setup,Not Started
Testing,Mock,API Mocking,Development,Setup MSW for API mocking in tests,16,High,Testing Setup,Not Started
DevOps,Infrastructure,Development Environment,DevOps,Setup development environment,16,Critical,,Not Started
DevOps,Infrastructure,Staging Environment,DevOps,Setup staging environment,16,High,Dev Environment,Not Started
DevOps,Infrastructure,Production Environment,DevOps,Setup production environment,24,Critical,Staging Environment,Not Started
DevOps,Database,Database Setup,DevOps,Setup PostgreSQL database cluster,20,Critical,,Not Started
DevOps,Database,Database Migrations,DevOps,Setup database migration system,16,High,Database Setup,Not Started
DevOps,Database,Database Backup,DevOps,Setup automated database backups,16,High,Database Setup,Not Started
DevOps,Monitoring,Application Monitoring,DevOps,Setup application monitoring (DataDog/NewRelic),20,High,Production,Not Started
DevOps,Monitoring,Error Tracking,DevOps,Setup error tracking (Sentry),12,High,Production,Not Started
DevOps,Monitoring,Log Aggregation,DevOps,Setup log aggregation (ELK/Splunk),24,High,Production,Not Started
DevOps,CDN,CDN Setup,DevOps,Setup CDN for static assets (CloudFront),12,High,Production,Not Started
DevOps,SSL,SSL Certificates,DevOps,Setup SSL certificates and HTTPS,8,Critical,Production,Not Started
DevOps,DNS,DNS Configuration,DevOps,Configure DNS and domains,8,High,Production,Not Started
DevOps,Scaling,Auto-Scaling,DevOps,Setup auto-scaling policies,16,High,Production,Not Started
DevOps,Cache,Redis Cache Setup,DevOps,Setup Redis for caching,12,High,Production,Not Started
DevOps,Queue,Queue System,DevOps,Setup message queue (RabbitMQ/SQS),16,High,Production,Not Started
Documentation,User,User Guide,Documentation,Write comprehensive user guide,40,Medium,All Modules Complete,Not Started
Documentation,Admin,Admin Guide,Documentation,Write admin/configuration guide,32,Medium,All Modules Complete,Not Started
Documentation,Developer,Developer Guide,Documentation,Write developer documentation,40,High,All Modules Complete,Not Started
Documentation,API,API Documentation,Documentation,Complete API documentation with examples,48,High,APIs Complete,Not Started
Documentation,Deployment,Deployment Guide,Documentation,Write deployment and ops guide,24,High,DevOps Complete,Not Started
Documentation,Training,Training Materials,Documentation,Create training videos and materials,40,Low,All Modules Complete,Not Started